FIRSTNAME,LASTNAME,ID,EMAIL,STREET,CITY,STATE,ZIPCODE,TELEPHONE,EXAM1,EXAM2,EXAM3
James,Butt,5046218927,jbutt@gmail.com,3 Secor Rd,New Orleans,LA,70112,504-710-5840,60,98,66
Josephine,Darakjy,8102929388,josephine_darakjy@darakjy.org,6649 N Blue Gum St,New Orleans,LA,70116,504-621-8927,80,77,78
Art,Venere,8566368749,art@venere.org,4 B Blue Ridge Blvd,Brighton,MI,48116,810-292-9388,75,50,69
Lenna,Paprocki,9073854412,lpaprocki@hotmail.com,8 W Cerritos Ave #54,Bridgeport,NJ,8014,856-636-8749,90,70,78
Donette,Foller,5135701893,donette.foller@cox.net,639 Main St,Anchorage,AK,99501,907-385-4412,88,79,90
